G,BQ,D,LP,S,KSEL,nsel_avg,v1_med,v1_min,v2_med,v2_min,speedup,wait_pct,bytes_per_stage,tflops,gbs,spread_pct,sm_clk
4,16,64,64,4096,1,1.0,0.0523,0.0515,0.0461,0.0452,1.133,5.69,16384,11.9,185.5,8.8,1980
4,16,64,64,4096,2,1.98,0.0621,0.0615,0.049,0.0484,1.269,8.42,16384,22.0,343.8,3.5,1980
4,16,64,64,4096,4,3.91,0.0824,0.0814,0.0561,0.0556,1.469,10.2,16384,37.7,589.5,3.0,1980
4,16,64,64,4096,8,7.56,0.1217,0.1209,0.0699,0.069,1.74,11.18,16384,58.8,919.5,8.3,1980
4,16,64,64,4096,16,14.12,0.2007,0.199,0.0963,0.0952,2.084,11.93,16384,79.6,1244.2,2.4,1980
4,16,64,64,4096,32,24.25,0.3525,0.3497,0.1449,0.1435,2.433,12.47,16384,90.8,1418.0,4.4,1980
4,16,64,64,8192,1,1.0,0.094,0.0923,0.0805,0.0789,1.167,5.35,16384,13.6,212.7,4.9,1980
4,16,64,64,8192,2,1.99,0.1149,0.1133,0.088,0.087,1.305,8.44,16384,24.6,384.3,4.1,1980
4,16,64,64,8192,4,3.95,0.1557,0.1536,0.1017,0.1005,1.53,10.1,16384,42.2,660.1,3.7,1980
4,16,64,64,8192,8,7.78,0.2341,0.2325,0.1288,0.1268,1.818,11.17,16384,65.9,1029.9,2.8,1980
4,16,64,64,8192,16,15.06,0.3891,0.3877,0.1814,0.1798,2.145,11.98,16384,89.9,1405.2,2.4,1980
4,16,64,64,8192,32,28.12,0.688,0.6836,0.2795,0.2779,2.462,12.13,16384,108.7,1697.8,1.3,1980
4,16,64,64,16384,1,1.0,0.2527,0.2511,0.2036,0.2025,1.241,4.51,16384,10.6,165.7,1.4,1980
4,16,64,64,16384,2,2.0,0.2974,0.2956,0.2167,0.2153,1.372,8.11,16384,19.9,311.1,1.3,1980
4,16,64,64,16384,4,3.98,0.3784,0.3769,0.2431,0.242,1.557,10.03,16384,35.3,551.3,2.3,1980
4,16,64,64,16384,8,7.89,0.5384,0.5352,0.2954,0.2942,1.822,11.21,16384,57.6,899.9,0.9,1980
4,16,64,64,16384,16,15.53,0.8476,0.8437,0.3953,0.3939,2.144,12.26,16384,84.7,1323.1,1.0,1980
4,16,64,64,16384,32,30.06,1.4421,1.4356,0.5878,0.586,2.453,12.73,16384,110.2,1721.3,0.6,1980
4,16,64,64,32768,1,1.0,0.4891,0.4871,0.3962,0.3947,1.234,4.54,16384,10.9,170.0,1.0,1980
4,16,64,64,32768,2,2.0,0.5743,0.5719,0.422,0.4192,1.361,8.5,16384,20.5,319.8,1.2,1980
4,16,64,64,32768,4,3.99,0.7369,0.7345,0.4743,0.4726,1.554,10.4,16384,36.2,566.4,1.1,1980
4,16,64,64,32768,8,7.95,1.0465,1.0435,0.5769,0.5746,1.814,11.51,16384,59.4,928.0,0.8,1980
4,16,64,64,32768,16,15.77,1.6581,1.6541,0.7718,0.7686,2.148,12.48,16384,88.1,1376.5,1.1,1980
4,16,64,64,32768,32,31.03,2.8508,2.8438,1.1513,1.1479,2.476,12.71,16384,116.1,1814.1,0.6,1980
4,16,64,128,4096,1,1.0,0.0762,0.0752,0.0513,0.0505,1.486,1.92,32768,21.3,332.0,4.8,1980
4,16,64,128,4096,2,1.97,0.1122,0.1111,0.0595,0.0588,1.885,3.13,32768,35.9,561.3,2.9,1980
4,16,64,128,4096,4,3.81,0.1826,0.1809,0.0762,0.0756,2.396,3.8,32768,54.2,846.6,6.7,1980
4,16,64,128,4096,8,7.12,0.3237,0.3203,0.1081,0.1067,2.995,4.04,32768,71.7,1120.8,3.6,1980
4,16,64,128,4096,16,12.25,0.5998,0.5944,0.1733,0.1721,3.461,4.21,32768,76.4,1194.2,3.5,1980
4,16,64,128,4096,32,16.5,0.9524,0.9412,0.2512,0.2419,3.792,4.31,32768,73.2,1144.3,6.3,1980
4,16,64,128,8192,1,1.0,0.1471,0.1436,0.0976,0.095,1.508,1.51,32768,22.6,353.2,5.1,1980
4,16,64,128,8192,2,1.98,0.2181,0.2162,0.1142,0.1127,1.91,2.82,32768,37.8,590.6,4.1,1980
4,16,64,128,8192,4,3.91,0.359,0.3561,0.1473,0.1456,2.438,3.53,32768,57.6,900.0,3.2,1980
4,16,64,128,8192,8,7.56,0.6375,0.6337,0.2115,0.2101,3.015,3.9,32768,77.3,1207.7,1.8,1980
4,16,64,128,8192,16,14.12,1.1797,1.1731,0.3363,0.3342,3.508,4.1,32768,90.8,1418.3,1.9,1980
4,16,64,128,8192,32,24.25,2.0509,2.0288,0.5362,0.5299,3.825,4.22,32768,98.3,1535.5,2.7,1980
4,16,64,128,16384,1,1.0,0.4001,0.3972,0.2247,0.2234,1.781,1.37,32768,19.2,300.4,2.1,1980
4,16,64,128,16384,2,1.99,0.548,0.5447,0.2571,0.2551,2.132,2.78,32768,33.5,524.0,1.4,1980
4,16,64,128,16384,4,3.95,0.8414,0.8376,0.3221,0.3205,2.612,3.56,32768,53.0,827.8,1.1,1980
4,16,64,128,16384,8,7.78,1.3791,1.3753,0.45,0.4481,3.065,3.98,32768,74.6,1165.4,3.0,1980
4,16,64,128,16384,16,15.06,2.4635,2.4502,0.6981,0.6948,3.529,4.17,32768,93.1,1454.9,1.1,1980
4,16,64,128,16384,32,28.12,4.3725,4.3586,1.1315,1.1191,3.864,4.29,32768,107.9,1686.5,1.7,1980
4,16,64,128,32768,1,1.0,0.7526,0.7496,0.4383,0.4355,1.717,1.32,32768,19.7,308.2,1.1,1980
4,16,64,128,32768,2,2.0,1.0478,1.0452,0.5035,0.5019,2.081,2.82,32768,34.2,533.8,0.9,1980
4,16,64,128,32768,4,3.98,1.5995,1.5956,0.6328,0.6309,2.528,3.58,32768,54.1,846.0,9.5,1980
4,16,64,128,32768,8,7.89,2.7088,2.7003,0.8825,0.8799,3.069,3.97,32768,77.0,1203.6,0.6,1980
4,16,64,128,32768,16,15.53,4.8411,4.8303,1.3608,1.3552,3.558,4.15,32768,98.4,1538.2,0.9,1980
4,16,64,128,32768,32,30.06,8.8838,8.8674,2.2718,2.2621,3.91,4.27,32768,114.2,1783.7,1.0,1980
4,16,64,256,4096,1,1.0,0.233,0.2298,0.1221,0.1205,1.909,0.58,65536,17.8,278.4,4.5,1980
4,16,64,256,4096,2,1.94,0.3556,0.3505,0.152,0.1505,2.34,1.06,65536,27.6,431.9,5.2,1980
4,16,64,256,4096,4,3.62,0.568,0.5591,0.2092,0.2061,2.716,1.27,65536,37.8,590.2,3.1,1980
4,16,64,256,4096,8,6.25,0.9476,0.9316,0.3054,0.2987,3.103,1.37,65536,44.9,702.0,5.8,1980
4,16,64,256,4096,16,8.5,1.4325,1.4059,0.4244,0.4151,3.375,1.39,65536,44.0,687.1,3.9,1980
4,16,64,256,8192,1,1.0,0.4564,0.4495,0.2271,0.2253,2.01,0.6,65536,19.1,297.8,3.1,1980
4,16,64,256,8192,2,1.97,0.6796,0.6726,0.2859,0.2828,2.377,1.15,65536,29.9,467.2,1.8,1980
4,16,64,256,8192,4,3.81,1.1023,1.0923,0.4007,0.3963,2.751,1.3,65536,41.3,645.6,12.8,1980
4,16,64,256,8192,8,7.12,1.9121,1.8995,0.6089,0.6003,3.14,1.34,65536,51.0,796.5,2.5,1980
4,16,64,256,8192,16,12.25,3.2484,3.2178,0.968,0.9518,3.356,1.36,65536,55.3,863.7,3.2,1980
4,16,64,256,8192,32,16.5,4.4838,4.4145,1.2855,1.2654,3.488,1.41,65536,56.0,875.1,3.1,1980
4,16,64,256,16384,1,1.0,0.8878,0.8834,0.4481,0.4462,1.981,0.6,65536,19.2,300.8,1.3,1980
4,16,64,256,16384,2,1.98,1.3615,1.3533,0.5684,0.5639,2.395,1.17,65536,30.2,472.3,1.5,1980
4,16,64,256,16384,4,3.91,2.2689,2.2567,0.7954,0.788,2.853,1.42,65536,42.6,665.4,2.0,1980
4,16,64,256,16384,8,7.56,3.9628,3.946,1.2372,1.2288,3.203,1.47,65536,52.9,826.0,2.0,1980
4,16,64,256,16384,16,14.12,7.0586,7.0229,2.0835,2.0756,3.388,1.47,65536,58.5,913.4,1.2,1980
4,16,64,256,16384,32,24.25,11.909,11.8462,3.3869,3.3528,3.516,1.51,65536,62.1,970.8,1.7,1980
4,16,64,256,32768,1,1.0,1.7436,1.7384,0.8773,0.8692,1.988,0.59,65536,19.8,308.8,1.5,1980
4,16,64,256,32768,2,1.99,2.7874,2.7772,1.1365,1.1311,2.453,1.37,65536,30.3,472.8,8.4,1980
4,16,64,256,32768,4,3.95,4.7,4.6832,1.5734,1.5602,2.987,1.67,65536,43.5,680.1,1.6,1980
4,16,64,256,32768,8,7.78,8.3873,8.3629,2.5173,2.5092,3.332,1.73,65536,53.3,832.5,0.8,1980
4,16,64,256,32768,16,15.06,15.324,15.2649,4.3843,4.3722,3.495,1.74,65536,59.2,924.8,0.6,1980
4,16,64,256,32768,32,28.12,27.9068,27.7939,7.7778,7.7561,3.588,1.77,65536,62.3,973.4,0.6,1980
4,16,128,64,4096,1,1.0,0.0871,0.0862,0.0758,0.0751,1.149,3.44,32768,14.3,223.5,3.3,1980
4,16,128,64,4096,2,1.98,0.1088,0.1059,0.082,0.0807,1.326,5.23,32768,26.4,412.4,3.9,1980
4,16,128,64,4096,4,3.91,0.1455,0.1433,0.0919,0.0908,1.583,6.18,32768,46.2,721.9,8.2,1980
4,16,128,64,4096,8,7.56,0.2196,0.2178,0.1131,0.1113,1.941,6.77,32768,73.0,1140.3,3.8,1980
4,16,128,64,4096,16,14.12,0.365,0.3631,0.1517,0.1499,2.405,7.27,32768,101.2,1581.0,2.7,1980
4,16,128,64,4096,32,24.25,0.6504,0.6465,0.2242,0.2218,2.901,7.77,32768,117.4,1834.6,2.2,1980
4,16,128,64,8192,1,1.0,0.2487,0.2463,0.1954,0.1936,1.273,3.69,32768,11.1,173.3,2.3,1980
4,16,128,64,8192,2,1.99,0.2917,0.2892,0.2055,0.2038,1.419,5.78,32768,21.0,328.0,2.3,1980
4,16,128,64,8192,4,3.95,0.365,0.3623,0.2255,0.2236,1.619,6.45,32768,38.0,593.2,2.1,1980
4,16,128,64,8192,8,7.78,0.52,0.5136,0.2674,0.2646,1.945,6.89,32768,63.2,986.7,2.4,1980
4,16,128,64,8192,16,15.06,0.8041,0.7993,0.3431,0.3408,2.344,7.52,32768,94.9,1483.0,1.3,1980
4,16,128,64,8192,32,28.12,1.3658,1.3535,0.4834,0.4784,2.825,7.99,32768,126.3,1972.8,2.2,1980
4,16,128,64,16384,1,1.0,0.4727,0.471,0.3817,0.378,1.238,3.42,32768,11.4,177.6,2.2,1980
4,16,128,64,16384,2,2.0,0.5556,0.5522,0.4006,0.3956,1.387,6.24,32768,21.7,338.6,2.3,1980
4,16,128,64,16384,4,3.98,0.7098,0.7071,0.4418,0.4367,1.607,6.74,32768,39.1,611.1,1.7,1980
4,16,128,64,16384,8,7.89,1.0038,0.999,0.5228,0.5194,1.92,7.04,32768,65.2,1019.5,1.1,1980
4,16,128,64,16384,16,15.53,1.575,1.5696,0.6683,0.6656,2.357,7.52,32768,100.2,1565.9,0.8,1980
4,16,128,64,16384,32,30.06,2.6858,2.6722,0.9504,0.9458,2.826,7.98,32768,136.5,2133.2,0.8,1980
4,16,128,64,32768,1,1.0,0.9369,0.9341,0.7569,0.7532,1.238,3.64,32768,11.4,178.2,0.9,1980
4,16,128,64,32768,2,2.0,1.0987,1.0947,0.7768,0.7749,1.414,6.86,32768,22.1,346.1,0.8,1980
4,16,128,64,32768,4,3.99,1.3985,1.3951,0.8594,0.8555,1.627,7.57,32768,40.0,625.7,1.1,1980
4,16,128,64,32768,8,7.95,1.9776,1.9719,1.0123,1.0087,1.954,7.63,32768,67.7,1057.2,0.7,1980
4,16,128,64,32768,16,15.77,3.1162,3.11,1.3023,1.2994,2.393,7.79,32768,104.2,1628.5,0.5,1980
4,16,128,64,32768,32,31.03,5.307,5.2903,1.8675,1.8625,2.842,8.02,32768,143.1,2236.2,0.6,1980
4,16,128,128,4096,1,1.0,0.2042,0.1992,0.1594,0.1561,1.28,2.15,65536,13.8,215.0,4.7,1980
4,16,128,128,4096,2,1.97,0.2936,0.2878,0.1757,0.1735,1.671,1.82,65536,24.4,380.7,3.0,1980
4,16,128,128,4096,4,3.81,0.4377,0.4334,0.2118,0.2073,2.066,1.7,65536,39.5,617.2,3.7,1980
4,16,128,128,4096,8,7.12,0.7284,0.7185,0.2832,0.2796,2.572,1.65,65536,54.7,855.2,2.6,1980
4,16,128,128,4096,16,12.25,1.3058,1.2886,0.4059,0.4,3.217,1.62,65536,65.8,1027.6,3.1,1980
4,16,128,128,4096,32,16.5,1.9943,1.9795,0.5168,0.5106,3.859,1.61,65536,69.4,1084.3,2.9,1980
4,16,128,128,8192,1,1.0,0.4321,0.427,0.3838,0.3821,1.126,1.99,65536,11.2,175.6,1.3,1980
4,16,128,128,8192,2,1.98,0.5778,0.5738,0.4156,0.4135,1.39,1.78,65536,20.6,322.1,1.2,1980
4,16,128,128,8192,4,3.91,0.8799,0.8739,0.4868,0.4852,1.807,1.67,65536,34.6,540.3,1.4,1980
4,16,128,128,8192,8,7.56,1.4696,1.4604,0.6302,0.6249,2.332,1.63,65536,52.0,812.1,1.4,1980
4,16,128,128,8192,16,14.12,2.6216,2.6067,0.8858,0.8786,2.96,1.61,65536,69.1,1078.9,1.9,1980
4,16,128,128,8192,32,24.25,4.4808,4.4444,1.2726,1.2653,3.521,1.6,65536,82.3,1286.1,1.2,1980
4,16,128,128,16384,1,1.0,0.7949,0.7911,0.7611,0.7587,1.044,1.98,65536,11.3,176.9,0.9,1980
4,16,128,128,16384,2,1.99,1.1117,1.1063,0.8245,0.8211,1.348,1.74,65536,20.8,325.6,0.7,1980
4,16,128,128,16384,4,3.95,1.6958,1.6902,0.9685,0.9656,1.751,1.65,65536,35.2,549.5,1.0,1980
4,16,128,128,16384,8,7.78,2.8902,2.8797,1.2452,1.2397,2.321,1.62,65536,53.9,842.5,1.0,1980
4,16,128,128,16384,16,15.06,5.1921,5.1698,1.7613,1.7534,2.948,1.6,65536,73.8,1153.0,0.9,1980
4,16,128,128,16384,32,28.12,9.2948,9.2564,2.7004,2.6862,3.442,1.59,65536,89.9,1405.3,1.0,1980
4,16,128,128,32768,1,1.0,1.5794,1.5753,1.5111,1.5047,1.045,1.91,65536,11.4,178.4,0.9,1980
4,16,128,128,32768,2,2.0,2.2217,2.217,1.6293,1.6245,1.364,1.73,65536,21.1,329.8,0.6,1980
4,16,128,128,32768,4,3.98,3.4304,3.4185,1.9131,1.9078,1.793,1.64,65536,35.8,559.5,0.4,1980
4,16,128,128,32768,8,7.89,5.7893,5.7668,2.4656,2.4572,2.348,1.61,65536,55.2,862.0,1.0,1980
4,16,128,128,32768,16,15.53,10.3963,10.3559,3.5137,3.5017,2.959,1.6,65536,76.2,1190.6,0.6,1980
4,16,128,128,32768,32,30.06,19.1243,19.0748,5.5462,5.5313,3.448,1.59,65536,93.4,1458.9,0.5,1980
4,16,128,256,4096,1,1.0,0.7036,0.6977,0.3632,0.3545,1.937,0.97,131072,12.1,189.3,4.6,1980
4,16,128,256,4096,2,1.94,0.9752,0.9672,0.3843,0.3803,2.537,1.09,131072,21.9,341.9,2.5,1980
4,16,128,256,4096,4,3.62,1.5284,1.5115,0.473,0.4659,3.231,0.99,131072,33.4,522.1,3.3,1980
4,16,128,256,4096,8,6.25,2.502,2.4783,0.6598,0.6509,3.792,1.03,131072,41.2,644.3,3.2,1980
4,16,128,256,4096,16,8.5,3.3683,3.3271,0.8318,0.8195,4.049,1.02,131072,44.5,696.0,4.0,1980
4,16,128,256,8192,1,1.0,1.3575,1.3497,0.7541,0.7318,1.8,1.52,131072,11.7,183.4,4.5,1980
4,16,128,256,8192,2,1.97,1.8908,1.8748,0.8047,0.794,2.35,1.32,131072,21.3,332.8,3.4,1980
4,16,128,256,8192,4,3.81,3.0596,3.0393,0.9536,0.9342,3.209,0.99,131072,35.1,547.7,4.3,1980
4,16,128,256,8192,8,7.12,5.1785,5.1569,1.3415,1.3297,3.86,1.03,131072,46.0,719.2,2.3,1980
4,16,128,256,8192,16,12.25,8.4627,8.3968,1.9731,1.954,4.289,1.03,131072,53.9,841.4,2.2,1980
4,16,128,256,8192,32,16.5,11.6261,11.5171,2.5824,2.553,4.502,1.04,131072,55.5,867.5,2.8,1980
4,16,128,256,16384,1,1.0,2.606,2.5792,1.5209,1.5035,1.713,1.47,131072,11.4,178.5,2.7,1980
4,16,128,256,16384,2,1.98,3.8024,3.7874,1.6233,1.5925,2.342,1.5,131072,21.4,334.5,3.3,1980
4,16,128,256,16384,4,3.91,6.1747,6.1493,1.9163,1.9023,3.222,1.09,131072,35.3,551.2,1.4,1980
4,16,128,256,16384,8,7.56,10.7569,10.7164,2.758,2.7374,3.9,1.09,131072,47.5,741.6,1.2,1980
4,16,128,256,16384,16,14.12,18.9699,18.9259,4.3428,4.3253,4.368,1.08,131072,56.1,876.6,1.1,1980
4,16,128,256,16384,32,24.25,31.8869,31.7762,6.8886,6.8556,4.629,1.07,131072,60.8,949.5,1.2,1980
4,16,128,256,32768,1,1.0,5.388,5.3521,3.064,3.0318,1.759,1.58,131072,11.3,177.1,2.4,1980
4,16,128,256,32768,2,1.99,8.0828,8.0625,3.4362,3.4173,2.352,2.24,131072,20.0,313.0,1.6,1980
4,16,128,256,32768,4,3.95,13.4344,13.4147,3.8982,3.8572,3.446,1.32,131072,35.2,550.2,2.1,1980
4,16,128,256,32768,8,7.78,23.8138,23.761,5.7519,5.7323,4.14,1.34,131072,46.6,728.8,0.7,1980
4,16,128,256,32768,16,15.06,43.3407,43.2378,9.4559,9.4134,4.583,1.32,131072,55.0,859.1,0.9,1980
4,16,128,256,32768,32,28.12,78.7485,78.6101,16.2447,16.1967,4.848,1.3,131072,59.7,932.3,0.6,1980
16,4,64,64,4096,1,1.0,0.2399,0.2385,0.1994,0.1981,1.203,4.05,16384,10.8,169.3,1.2,1980
16,4,64,64,4096,2,1.98,0.2786,0.2769,0.2121,0.211,1.313,7.44,16384,20.2,315.6,1.2,1980
16,4,64,64,4096,4,3.91,0.3567,0.3551,0.2396,0.2388,1.489,9.07,16384,35.1,549.0,1.9,1980
16,4,64,64,4096,8,7.56,0.5086,0.5058,0.2885,0.2875,1.763,11.13,16384,56.5,882.8,0.9,1980
16,4,64,64,4096,16,14.12,0.7807,0.7768,0.3751,0.3727,2.082,12.46,16384,81.4,1271.8,1.4,1980
16,4,64,64,4096,32,24.25,1.1925,1.1851,0.5186,0.5134,2.299,12.38,16384,101.4,1585.0,1.9,1980
16,4,64,64,8192,1,1.0,0.4665,0.4639,0.39,0.3885,1.196,4.2,16384,11.1,172.7,0.9,1980
16,4,64,64,8192,2,1.99,0.5471,0.5443,0.4161,0.4146,1.315,7.82,16384,20.6,322.5,1.0,1980
16,4,64,64,8192,4,3.95,0.6972,0.6938,0.467,0.4651,1.493,9.87,16384,36.5,570.4,1.5,1980
16,4,64,64,8192,8,7.78,1.002,0.9986,0.5666,0.5646,1.768,11.42,16384,59.2,924.8,0.8,1980
16,4,64,64,8192,16,15.06,1.5679,1.5619,0.7468,0.7438,2.099,12.66,16384,87.0,1359.0,1.1,1980
16,4,64,64,8192,32,28.12,2.5778,2.5696,1.0751,1.0717,2.398,12.62,16384,112.7,1761.1,0.6,1980
16,4,64,64,16384,1,1.0,0.926,0.9237,0.7656,0.7633,1.209,4.03,16384,11.3,175.8,0.6,1980
16,4,64,64,16384,2,2.0,1.0853,1.0824,0.8188,0.8166,1.325,7.94,16384,21.0,328.1,0.6,1980
16,4,64,64,16384,4,3.98,1.3903,1.3869,0.9184,0.9164,1.514,10.07,16384,37.3,582.4,0.5,1980
16,4,64,64,16384,8,7.89,1.997,1.9928,1.1165,1.1143,1.789,11.48,16384,60.8,950.5,0.5,1980
16,4,64,64,16384,16,15.53,3.159,3.1524,1.4832,1.4807,2.13,12.63,16384,90.1,1407.8,0.4,1980
16,4,64,64,16384,32,30.06,5.3683,5.3624,2.2053,2.2028,2.434,12.71,16384,117.2,1831.7,0.2,1980
16,4,64,64,32768,1,1.0,1.8637,1.8556,1.5169,1.5126,1.229,4.07,16384,11.4,177.5,0.6,1980
16,4,64,64,32768,2,2.0,2.1688,2.1653,1.6204,1.6169,1.338,8.18,16384,21.2,331.7,0.4,1980
16,4,64,64,32768,4,3.99,2.7727,2.7681,1.8165,1.8127,1.526,10.34,16384,37.8,590.6,0.5,1980
16,4,64,64,32768,8,7.95,3.9853,3.9789,2.216,2.2088,1.798,11.87,16384,61.8,965.6,0.5,1980
16,4,64,64,32768,16,15.77,6.3429,6.337,2.9521,2.947,2.149,13.11,16384,91.9,1436.1,0.5,1980
16,4,64,64,32768,32,31.03,10.9613,10.952,4.4665,4.4616,2.454,12.75,16384,119.5,1867.0,0.2,1980
16,4,64,128,4096,1,1.0,0.376,0.3741,0.2226,0.2213,1.689,1.37,32768,19.4,303.3,2.2,1980
16,4,64,128,4096,2,1.97,0.5055,0.5021,0.2544,0.2532,1.987,2.66,32768,33.4,521.8,1.8,1980
16,4,64,128,4096,4,3.81,0.7739,0.7698,0.3195,0.3181,2.423,3.49,32768,51.5,804.2,0.8,1980
16,4,64,128,4096,8,7.12,1.2576,1.2509,0.4329,0.4309,2.905,3.92,32768,71.0,1109.7,1.0,1980
16,4,64,128,4096,16,12.25,2.0013,1.9926,0.6108,0.607,3.276,4.08,32768,86.7,1354.2,1.4,1980
16,4,64,128,4096,32,16.5,2.7276,2.7156,0.7674,0.761,3.554,4.18,32768,93.1,1455.1,1.6,1980
16,4,64,128,8192,1,1.0,0.7057,0.7021,0.4318,0.4304,1.634,1.47,32768,20.0,311.8,0.8,1980
16,4,64,128,8192,2,1.98,0.9861,0.9822,0.4967,0.4948,1.985,2.76,32768,34.4,538.3,0.7,1980
16,4,64,128,8192,4,3.91,1.5207,1.5162,0.623,0.6213,2.441,3.55,32768,54.0,843.8,0.6,1980
16,4,64,128,8192,8,7.56,2.5314,2.522,0.8488,0.8459,2.983,3.96,32768,76.8,1199.9,1.0,1980
16,4,64,128,8192,16,14.12,4.3405,4.3319,1.2636,1.2591,3.435,4.11,32768,96.4,1505.7,0.6,1980
16,4,64,128,8192,32,24.25,7.209,7.1841,1.9221,1.9088,3.75,4.25,32768,109.1,1705.1,1.1,1980
16,4,64,128,16384,1,1.0,1.391,1.3868,0.8492,0.8453,1.638,1.44,32768,20.3,317.5,1.0,1980
16,4,64,128,16384,2,1.99,1.9552,1.9516,0.9771,0.9735,2.001,2.79,32768,35.2,549.3,0.9,1980
16,4,64,128,16384,4,3.95,3.0364,3.0312,1.2256,1.2217,2.477,3.6,32768,55.6,868.6,0.7,1980
16,4,64,128,16384,8,7.78,5.108,5.1026,1.689,1.686,3.024,3.99,32768,79.3,1238.9,0.5,1980
16,4,64,128,16384,16,15.06,9.0898,9.0742,2.5872,2.5824,3.513,4.11,32768,100.2,1565.7,0.4,1980
16,4,64,128,16384,32,28.12,16.2728,16.2573,4.2216,4.2131,3.855,4.27,32768,114.7,1792.0,0.4,1980
16,4,64,128,32768,1,1.0,2.7719,2.7668,1.6833,1.6774,1.647,1.37,32768,20.5,320.1,0.8,1980
16,4,64,128,32768,2,2.0,3.8615,3.8534,1.9432,1.9367,1.987,2.84,32768,35.4,553.3,0.6,1980
16,4,64,128,32768,4,3.98,6.0332,6.025,2.4212,2.4124,2.492,3.65,32768,56.6,885.0,0.6,1980
16,4,64,128,32768,8,7.89,10.2968,10.2799,3.3727,3.3681,3.053,3.96,32768,80.5,1257.8,0.4,1980
16,4,64,128,32768,16,15.53,18.6115,18.5896,5.2523,5.2459,3.544,4.1,32768,101.7,1589.5,0.3,1980
16,4,64,128,32768,32,30.06,34.4391,34.396,8.838,8.8245,3.897,4.24,32768,117.1,1829.0,0.4,1980
16,4,64,256,4096,1,1.0,0.8233,0.8176,0.446,0.4418,1.846,0.61,65536,19.4,303.8,1.9,1980
16,4,64,256,4096,2,1.94,1.2459,1.2319,0.5443,0.5361,2.289,1.04,65536,31.0,485.1,3.0,1980
16,4,64,256,4096,4,3.62,2.0039,1.9909,0.7245,0.7195,2.766,1.19,65536,43.3,676.2,1.7,1980
16,4,64,256,4096,8,6.25,3.1797,3.1658,1.0322,1.0254,3.081,1.26,65536,52.4,818.1,1.6,1980
16,4,64,256,4096,16,8.5,4.2868,4.258,1.3281,1.3182,3.228,1.3,65536,55.4,865.4,2.2,1980
16,4,64,256,8192,1,1.0,1.6083,1.6007,0.8355,0.8261,1.925,0.64,65536,20.8,324.9,1.4,1980
16,4,64,256,8192,2,1.97,2.4561,2.4396,1.0564,1.0353,2.325,1.07,65536,32.7,510.5,2.9,1980
16,4,64,256,8192,4,3.81,4.0576,4.0451,1.4501,1.442,2.798,1.23,65536,45.4,709.7,1.3,1980
16,4,64,256,8192,8,7.12,6.9504,6.924,2.2243,2.2158,3.125,1.28,65536,55.2,863.2,1.0,1980
16,4,64,256,8192,16,12.25,11.4603,11.4367,3.4605,3.4496,3.312,1.31,65536,61.0,953.3,0.6,1980
16,4,64,256,8192,32,16.5,15.4226,15.3642,4.5356,4.5199,3.4,1.34,65536,62.7,979.9,0.8,1980
16,4,64,256,16384,1,1.0,3.3443,3.3365,1.6264,1.6158,2.056,0.66,65536,21.3,332.3,1.2,1980
16,4,64,256,16384,2,1.98,5.0567,5.0403,2.0836,2.0606,2.427,1.24,65536,33.1,517.0,2.0,1980
16,4,64,256,16384,4,3.91,8.4719,8.4502,2.9467,2.9292,2.875,1.36,65536,45.8,715.9,1.3,1980
16,4,64,256,16384,8,7.56,14.9595,14.9217,4.6918,4.6797,3.188,1.4,65536,55.5,867.6,0.5,1980
16,4,64,256,16384,16,14.12,26.6201,26.5762,7.9005,7.8894,3.369,1.42,65536,61.5,961.2,0.9,1980
16,4,64,256,16384,32,24.25,44.7776,44.73,12.8665,12.8445,3.48,1.44,65536,64.9,1013.6,0.5,1980
16,4,64,256,32768,1,1.0,6.7066,6.6906,3.2089,3.1878,2.09,0.66,65536,21.6,336.8,1.4,1980
16,4,64,256,32768,2,1.99,10.4178,10.3869,4.2106,4.1418,2.474,1.42,65536,33.1,516.5,2.8,1980
16,4,64,256,32768,4,3.95,18.0026,17.9685,5.9909,5.9652,3.005,1.65,65536,45.5,711.6,1.3,1980
16,4,64,256,32768,8,7.78,32.2992,32.247,9.7022,9.69,3.329,1.67,65536,55.2,862.2,0.4,1980
16,4,64,256,32768,16,15.06,59.2836,59.2044,16.9305,16.9099,3.502,1.69,65536,61.2,956.4,0.2,1980
16,4,64,256,32768,32,28.12,108.0321,107.9113,29.988,29.9661,3.603,1.72,65536,64.5,1007.8,0.2,1980
16,4,128,64,4096,1,1.0,0.4554,0.4523,0.3756,0.374,1.212,2.81,32768,11.5,179.5,1.9,1980
16,4,128,64,4096,2,1.98,0.5279,0.5257,0.392,0.3901,1.347,4.86,32768,21.8,341.4,1.1,1980
16,4,128,64,4096,4,3.91,0.6687,0.6652,0.4361,0.432,1.533,6.03,32768,38.8,606.8,1.7,1980
16,4,128,64,4096,8,7.56,0.9654,0.9619,0.5105,0.5083,1.891,7.01,32768,63.9,998.5,1.9,1980
16,4,128,64,4096,16,14.12,1.475,1.4667,0.6343,0.6317,2.325,7.87,32768,96.0,1500.5,1.0,1980
16,4,128,64,4096,32,24.25,2.243,2.2271,0.8406,0.8314,2.668,8.01,32768,125.3,1957.5,2.3,1980
16,4,128,64,8192,1,1.0,0.8954,0.8936,0.7332,0.7321,1.221,2.86,32768,11.7,183.3,0.6,1980
16,4,128,64,8192,2,1.99,1.0426,1.0386,0.7705,0.7685,1.353,5.1,32768,22.3,347.9,0.7,1980
16,4,128,64,8192,4,3.95,1.3291,1.326,0.8558,0.8502,1.553,6.19,32768,39.9,624.1,1.3,1980
16,4,128,64,8192,8,7.78,1.9112,1.9037,1.0022,0.9996,1.907,6.96,32768,66.9,1044.7,0.5,1980
16,4,128,64,8192,16,15.06,2.9728,2.967,1.2668,1.2632,2.347,7.82,32768,102.4,1600.4,0.9,1980
16,4,128,64,8192,32,28.12,4.8176,4.8059,1.7398,1.7359,2.769,7.95,32768,139.2,2174.5,0.6,1980
16,4,128,64,16384,1,1.0,1.7794,1.7721,1.4553,1.452,1.223,2.99,32768,11.8,184.9,0.5,1980
16,4,128,64,16384,2,2.0,2.0741,2.0665,1.534,1.5282,1.352,5.53,32768,22.4,350.6,0.8,1980
16,4,128,64,16384,4,3.98,2.6522,2.6467,1.6959,1.6893,1.564,6.44,32768,40.4,631.9,0.9,1980
16,4,128,64,16384,8,7.89,3.7942,3.7881,1.9918,1.9848,1.905,7.04,32768,68.3,1067.2,0.6,1980
16,4,128,64,16384,16,15.53,5.9522,5.9409,2.5221,2.515,2.36,7.67,32768,106.1,1657.7,0.7,1980
16,4,128,64,16384,32,30.06,9.9974,9.9786,3.5621,3.5572,2.807,8.0,32768,145.2,2268.6,0.4,1980
16,4,128,64,32768,1,1.0,3.6009,3.5937,2.8998,2.8902,1.242,3.49,32768,11.9,185.8,0.7,1980
16,4,128,64,32768,2,2.0,4.2608,4.2428,3.0716,3.0552,1.387,6.79,32768,22.5,351.1,1.1,1980
16,4,128,64,32768,4,3.99,5.4317,5.4237,3.3651,3.3528,1.614,7.59,32768,40.9,638.6,0.8,1980
16,4,128,64,32768,8,7.95,7.6563,7.6437,3.9393,3.9277,1.944,7.73,32768,69.5,1086.0,0.6,1980
16,4,128,64,32768,16,15.77,11.9392,11.9169,5.0091,5.0009,2.384,8.22,32768,108.3,1692.5,0.4,1980
16,4,128,64,32768,32,31.03,20.3887,20.3618,7.1844,7.1778,2.838,8.2,32768,148.5,2321.0,0.3,1980
16,4,128,128,4096,1,1.0,0.7496,0.746,0.7572,0.7548,0.99,2.0,65536,11.4,177.8,0.8,1980
16,4,128,128,4096,2,1.97,1.0289,1.0251,0.8189,0.815,1.256,1.77,65536,20.8,324.2,0.8,1980
16,4,128,128,4096,4,3.81,1.6157,1.6055,0.9567,0.9545,1.689,1.64,65536,34.3,536.1,0.6,1980
16,4,128,128,4096,8,7.12,2.6581,2.646,1.1982,1.1921,2.218,1.61,65536,51.3,802.2,1.0,1980
16,4,128,128,4096,16,12.25,4.2574,4.2418,1.5713,1.5626,2.709,1.6,65536,67.3,1052.2,1.0,1980
16,4,128,128,4096,32,16.5,5.797,5.7697,1.8995,1.8929,3.052,1.6,65536,74.9,1169.9,0.7,1980
16,4,128,128,8192,1,1.0,1.4631,1.459,1.4929,1.4866,0.98,2.0,65536,11.6,180.6,0.8,1980
16,4,128,128,8192,2,1.98,2.0489,2.0413,1.6228,1.6179,1.263,1.73,65536,21.1,329.2,0.7,1980
16,4,128,128,8192,4,3.91,3.1796,3.1736,1.8954,1.8871,1.678,1.64,65536,35.6,555.7,0.7,1980
16,4,128,128,8192,8,7.56,5.3575,5.3487,2.415,2.4049,2.218,1.61,65536,54.0,844.1,0.8,1980
16,4,128,128,8192,16,14.12,9.2874,9.2665,3.3253,3.3084,2.793,1.6,65536,73.3,1146.1,0.9,1980
16,4,128,128,8192,32,24.25,15.4724,15.4314,4.7494,4.7384,3.258,1.59,65536,87.9,1373.8,0.4,1980
16,4,128,128,16384,1,1.0,2.8827,2.8774,2.9812,2.9732,0.967,1.98,65536,11.6,180.6,0.6,1980
16,4,128,128,16384,2,1.99,4.0419,4.0277,3.2478,3.2354,1.245,1.72,65536,21.2,330.6,0.8,1980
16,4,128,128,16384,4,3.95,6.3404,6.3209,3.8181,3.8017,1.661,1.63,65536,35.7,558.3,0.8,1980
16,4,128,128,16384,8,7.78,10.8221,10.8003,4.8723,4.8609,2.221,1.61,65536,55.0,859.4,0.5,1980
16,4,128,128,16384,16,15.06,19.471,19.4292,6.8905,6.8759,2.826,1.59,65536,75.3,1176.1,0.4,1980
16,4,128,128,16384,32,28.12,35.0055,34.9379,10.5025,10.441,3.333,1.59,65536,92.6,1446.2,1.0,1980
16,4,128,128,32768,1,1.0,5.9988,5.9872,5.9939,5.9798,1.001,1.94,65536,11.5,179.6,0.5,1980
16,4,128,128,32768,2,2.0,8.434,8.4091,6.5473,6.5275,1.288,1.71,65536,21.0,328.3,0.6,1980
16,4,128,128,32768,4,3.98,13.1228,13.0966,7.6929,7.6758,1.706,1.63,65536,35.6,556.3,0.5,1980
16,4,128,128,32768,8,7.89,22.2101,22.1716,9.8325,9.8094,2.259,1.6,65536,55.3,863.7,0.4,1980
16,4,128,128,32768,16,15.53,40.1781,40.1217,14.0034,13.9832,2.869,1.59,65536,76.3,1192.6,0.4,1980
16,4,128,128,32768,32,30.06,74.4504,74.3508,21.8773,21.8436,3.403,1.59,65536,94.6,1477.8,0.7,1980
16,4,128,256,4096,1,1.0,2.4575,2.4344,1.4883,1.4613,1.651,1.37,131072,11.8,183.7,3.0,1980
16,4,128,256,4096,2,1.94,3.3415,3.3213,1.5613,1.5339,2.14,1.22,131072,21.7,339.1,3.0,1980
16,4,128,256,4096,4,3.62,5.357,5.3391,1.8071,1.792,2.964,1.02,131072,34.8,543.0,2.8,1980
16,4,128,256,4096,8,6.25,8.5254,8.4717,2.3924,2.3669,3.564,1.03,131072,45.4,708.8,1.8,1980
16,4,128,256,4096,16,8.5,11.3806,11.3556,2.9138,2.8916,3.906,1.04,131072,50.5,789.1,1.9,1980
16,4,128,256,8192,1,1.0,4.8281,4.6837,2.9515,2.9079,1.636,1.41,131072,11.8,184.6,4.0,1980
16,4,128,256,8192,2,1.97,6.85,6.8294,3.3118,3.2808,2.068,1.68,131072,20.6,322.2,1.9,1980
16,4,128,256,8192,4,3.81,11.2172,11.1866,3.7008,3.652,3.031,1.05,131072,35.9,560.5,2.2,1980
16,4,128,256,8192,8,7.12,19.1373,19.0878,5.1264,5.0962,3.733,1.02,131072,48.0,750.6,1.0,1980
16,4,128,256,8192,16,12.25,31.5119,31.3779,7.4626,7.4304,4.223,1.02,131072,56.6,885.1,0.8,1980
16,4,128,256,8192,32,16.5,42.0683,41.9991,9.5004,9.4549,4.428,1.02,131072,60.0,936.9,1.0,1980
16,4,128,256,16384,1,1.0,9.8652,9.7172,6.0092,5.9544,1.642,1.6,131072,11.5,180.3,2.2,1980
16,4,128,256,16384,2,1.98,14.1538,14.1212,6.7747,6.7147,2.089,1.9,131072,20.3,317.3,1.5,1980
16,4,128,256,16384,4,3.91,23.6019,23.5481,7.4116,7.3639,3.184,1.09,131072,36.5,569.6,1.0,1980
16,4,128,256,16384,8,7.56,41.2677,41.2185,10.7131,10.6717,3.852,1.08,131072,48.7,760.9,0.7,1980
16,4,128,256,16384,16,14.12,73.16,73.0889,16.8283,16.7902,4.347,1.06,131072,57.8,903.3,0.4,1980
16,4,128,256,16384,32,24.25,122.8758,122.6624,26.5493,26.4921,4.628,1.05,131072,62.9,982.9,0.4,1980
16,4,128,256,32768,1,1.0,20.922,20.782,12.1501,12.0659,1.722,1.81,131072,11.4,178.0,1.6,1980
16,4,128,256,32768,2,1.99,31.4755,31.4389,13.5525,13.4402,2.322,2.24,131072,20.4,318.3,1.2,1980
16,4,128,256,32768,4,3.95,53.0041,52.9384,15.2897,15.2107,3.467,1.33,131072,35.7,558.1,1.0,1980
16,4,128,256,32768,8,7.78,93.1576,93.0469,22.6353,22.5656,4.116,1.32,131072,47.4,740.5,0.6,1980
16,4,128,256,32768,16,15.06,170.7582,170.6116,37.3584,37.3045,4.571,1.29,131072,55.5,867.1,0.3,1980
16,4,128,256,32768,32,28.12,310.1191,309.8918,64.1757,64.0812,4.832,1.27,131072,60.3,942.5,0.3,1980
