G,BQ,D,LP,S,KSEL,Hq,v1_med,v1_min,v2_med,v2_min,speedup,wait_pct,nsel_avg,tflops,gbs,spread_pct,sm_clk
1,64,64,64,4096,4,2,0.0456,0.0446,0.0333,0.0312,1.367,7.07,3.91,16.8,262.6,12.4,1980
1,64,64,64,4096,8,2,0.0644,0.0632,0.0379,0.0367,1.699,6.28,7.56,27.7,432.5,12.2,1980
1,64,64,64,4096,16,2,0.1018,0.1006,0.0469,0.0463,2.171,5.86,14.12,40.9,639.7,5.2,1980
1,64,64,64,4096,32,2,0.1747,0.1736,0.0654,0.0644,2.672,5.66,24.25,50.6,790.3,6.9,1980
1,64,64,64,8192,4,2,0.0479,0.0469,0.0352,0.0345,1.36,7.44,3.95,30.8,480.7,14.6,1980
1,64,64,64,8192,8,2,0.0676,0.0668,0.0421,0.0413,1.607,6.18,7.78,50.5,789.4,13.3,1980
1,64,64,64,8192,16,2,0.1093,0.1077,0.0556,0.0545,1.968,5.8,15.06,74.2,1159.3,10.2,1980
1,64,64,64,8192,32,2,0.1892,0.1876,0.0819,0.081,2.312,5.53,28.12,93.3,1457.1,3.7,1980
1,64,64,64,16384,4,2,0.0825,0.0815,0.0561,0.0554,1.47,7.12,3.98,38.5,601.9,3.8,1980
1,64,64,64,16384,8,2,0.1225,0.1215,0.0703,0.0696,1.742,6.23,7.89,60.9,951.5,3.5,1980
1,64,64,64,16384,16,2,0.2021,0.2009,0.0967,0.0957,2.09,5.75,15.53,87.1,1361.2,6.8,1980
1,64,64,64,16384,32,2,0.3592,0.3578,0.149,0.148,2.411,5.51,30.06,109.0,1703.6,3.5,1980
1,64,64,128,4096,4,2,0.0943,0.0935,0.0408,0.0402,2.312,2.24,3.81,25.5,397.9,12.6,1980
1,64,64,128,4096,8,2,0.162,0.1612,0.0544,0.0537,2.976,2.03,7.12,35.6,556.9,8.9,1980
1,64,64,128,4096,16,2,0.3035,0.3017,0.0823,0.0815,3.687,1.93,12.25,40.4,630.6,8.2,1980
1,64,64,128,4096,32,2,0.5643,0.5633,0.1365,0.1354,4.135,1.89,16.5,32.7,511.2,1.7,1980
1,64,64,128,8192,4,2,0.0985,0.097,0.0701,0.0689,1.405,2.23,3.91,30.4,475.6,10.2,1980
1,64,64,128,8192,8,2,0.1697,0.1685,0.0973,0.096,1.744,2.02,7.56,42.3,660.6,5.2,1980
1,64,64,128,8192,16,2,0.3148,0.313,0.1527,0.1512,2.062,1.91,14.12,50.2,783.7,3.0,1980
1,64,64,128,8192,32,2,0.6033,0.6014,0.263,0.2604,2.294,1.86,24.25,50.0,781.1,3.7,1980
1,64,64,128,16384,4,2,0.1828,0.1816,0.1237,0.1223,1.477,2.23,3.95,34.7,542.3,2.7,1980
1,64,64,128,16384,8,2,0.3261,0.324,0.1802,0.1778,1.81,2.01,7.78,47.0,734.1,4.3,1980
1,64,64,128,16384,16,2,0.6092,0.6062,0.2878,0.2849,2.117,1.9,15.06,56.8,887.0,2.6,1980
1,64,64,128,16384,32,2,1.1752,1.1703,0.5044,0.4974,2.33,1.85,28.12,60.7,948.7,3.1,1980
1,64,128,64,4096,4,2,0.0742,0.0723,0.0489,0.0474,1.518,4.59,3.91,22.1,345.7,12.8,1980
1,64,128,64,4096,8,2,0.1084,0.1071,0.0561,0.0548,1.933,4.16,7.56,37.0,578.7,12.0,1980
1,64,128,64,4096,16,2,0.1769,0.1755,0.0701,0.0692,2.525,3.94,14.12,54.8,855.5,4.4,1980
1,64,128,64,4096,32,2,0.3154,0.3139,0.0992,0.098,3.181,3.83,24.25,66.4,1037.7,2.3,1980
1,64,128,64,8192,4,2,0.0788,0.0776,0.082,0.0813,0.961,4.59,3.95,26.1,408.0,5.3,1980
1,64,128,64,8192,8,2,0.1163,0.1151,0.0967,0.0956,1.203,4.15,7.78,43.7,683.1,6.8,1980
1,64,128,64,8192,16,2,0.1904,0.1888,0.1257,0.1236,1.515,3.93,15.06,65.5,1022.7,6.1,1980
1,64,128,64,8192,32,2,0.3373,0.3356,0.1845,0.183,1.828,3.81,28.12,82.5,1289.2,2.0,1980
1,64,128,64,16384,4,2,0.1894,0.1865,0.1901,0.186,0.996,4.59,3.98,23.0,358.7,3.5,1980
1,64,128,64,16384,8,2,0.2784,0.2727,0.2232,0.2198,1.247,4.15,7.89,38.5,602.3,3.1,1980
1,64,128,64,16384,16,2,0.4384,0.4338,0.2836,0.2806,1.546,3.92,15.53,59.4,928.7,2.1,1980
1,64,128,64,16384,32,2,0.7282,0.7233,0.4012,0.3974,1.815,3.81,30.06,81.2,1269.0,2.3,1980
1,64,128,128,4096,4,2,0.1809,0.1791,0.0597,0.0587,3.032,1.79,3.81,34.9,544.9,7.2,1980
1,64,128,128,4096,8,2,0.3214,0.3194,0.0777,0.0764,4.136,1.7,7.12,50.1,782.5,6.7,1980
1,64,128,128,4096,16,2,0.6113,0.6097,0.1184,0.1167,5.161,1.65,12.25,56.4,880.8,4.9,1980
1,64,128,128,4096,32,2,1.1343,1.1307,0.1898,0.1881,5.977,1.63,16.5,47.1,735.7,1.5,1980
1,64,128,128,8192,4,2,0.2198,0.2185,0.1069,0.1048,2.056,1.76,3.91,40.0,625.2,5.2,1980
1,64,128,128,8192,8,2,0.3727,0.3699,0.1435,0.1409,2.597,1.67,7.56,57.6,900.5,4.5,1980
1,64,128,128,8192,16,2,0.6791,0.6749,0.2151,0.2121,3.157,1.63,14.12,71.5,1117.1,3.9,1980
1,64,128,128,8192,32,2,1.2992,1.2934,0.3588,0.3516,3.621,1.61,24.25,74.1,1157.3,4.5,1980
1,64,128,128,16384,4,2,0.504,0.4988,0.2439,0.2418,2.066,1.71,3.95,35.1,548.7,1.6,1980
1,64,128,128,16384,8,2,0.8188,0.8051,0.3161,0.3138,2.59,1.65,7.78,53.2,832.0,1.8,1980
1,64,128,128,16384,16,2,1.4315,1.4218,0.4587,0.4538,3.121,1.62,15.06,71.3,1113.8,2.2,1980
1,64,128,128,16384,32,2,2.6313,2.6098,0.7438,0.7327,3.538,1.6,28.12,82.4,1287.9,4.0,1980
2,32,64,64,4096,4,4,0.0474,0.0463,0.0347,0.0336,1.366,7.41,3.91,31.2,487.6,8.0,1980
2,32,64,64,4096,8,4,0.0678,0.067,0.0418,0.041,1.622,6.16,7.56,49.6,774.4,13.9,1980
2,32,64,64,4096,16,4,0.1077,0.1063,0.055,0.0536,1.96,5.77,14.12,70.7,1105.3,5.1,1980
2,32,64,64,4096,32,4,0.1881,0.187,0.0815,0.0804,2.307,5.56,24.25,81.0,1265.8,2.8,1980
2,32,64,64,8192,4,4,0.0825,0.0813,0.056,0.0549,1.472,7.13,3.95,38.6,603.5,7.8,1980
2,32,64,64,8192,8,4,0.1225,0.1214,0.0697,0.0688,1.756,6.18,7.78,60.7,948.3,10.6,1980
2,32,64,64,8192,16,4,0.2014,0.1997,0.0964,0.0949,2.09,5.76,15.06,85.2,1331.3,5.8,1980
2,32,64,64,8192,32,4,0.3566,0.3544,0.1484,0.1477,2.402,5.53,28.12,102.2,1597.2,1.7,1980
2,32,64,64,16384,4,4,0.1659,0.1627,0.1072,0.1052,1.548,5.75,3.98,40.6,634.1,4.9,1980
2,32,64,64,16384,8,4,0.2465,0.244,0.1354,0.1337,1.821,5.33,7.89,63.4,989.9,4.4,1980
2,32,64,64,16384,16,4,0.4063,0.4028,0.1886,0.1868,2.155,5.24,15.53,89.3,1395.3,3.8,1980
2,32,64,64,16384,32,4,0.7145,0.7104,0.2906,0.2888,2.459,5.26,30.06,111.8,1746.4,1.5,1980
2,32,64,128,4096,4,4,0.0967,0.095,0.0685,0.068,1.411,2.24,3.81,30.1,470.3,8.0,1980
2,32,64,128,4096,8,4,0.1682,0.1672,0.0956,0.0947,1.759,2.03,7.12,40.4,631.0,6.1,1980
2,32,64,128,4096,16,4,0.3131,0.3112,0.1508,0.15,2.076,1.93,12.25,43.9,685.3,2.5,1980
2,32,64,128,4096,32,4,0.5857,0.5837,0.2252,0.2199,2.601,1.9,16.5,40.3,629.4,4.4,1980
2,32,64,128,8192,4,4,0.1824,0.1808,0.1221,0.1208,1.494,2.23,3.91,34.7,542.4,4.1,1980
2,32,64,128,8192,8,4,0.3238,0.3216,0.1777,0.1745,1.822,2.02,7.56,46.5,727.1,18.5,1980
2,32,64,128,8192,16,4,0.6066,0.6029,0.2852,0.2808,2.127,1.91,14.12,54.0,843.9,3.1,1980
2,32,64,128,8192,32,4,1.1574,1.1514,0.4543,0.4509,2.547,1.86,24.25,57.7,902.2,3.4,1980
2,32,64,128,16384,4,4,0.382,0.379,0.2522,0.2479,1.515,2.02,3.95,34.2,535.1,2.8,1980
2,32,64,128,16384,8,4,0.6679,0.6619,0.3619,0.3596,1.846,1.87,7.78,46.5,726.0,1.6,1980
2,32,64,128,16384,16,4,1.2387,1.2188,0.5717,0.5657,2.167,1.83,15.06,57.2,893.5,2.0,1980
2,32,64,128,16384,32,4,2.3109,2.2977,0.9412,0.9337,2.455,1.82,28.12,64.7,1010.7,1.9,1980
2,32,128,64,4096,4,4,0.0773,0.0766,0.0806,0.08,0.959,4.6,3.91,26.2,409.8,4.4,1980
2,32,128,64,4096,8,4,0.1147,0.1138,0.096,0.0944,1.195,4.16,7.56,43.0,671.8,2.7,1980
2,32,128,64,4096,16,4,0.1888,0.1876,0.1251,0.1242,1.51,3.94,14.12,61.1,954.1,2.7,1980
2,32,128,64,4096,32,4,0.3374,0.3351,0.1838,0.1823,1.835,3.83,24.25,71.4,1116.0,3.3,1980
2,32,128,64,8192,4,4,0.1565,0.1527,0.1569,0.1552,0.998,4.61,3.95,27.3,427.2,3.0,1980
2,32,128,64,8192,8,4,0.2339,0.2297,0.1875,0.1856,1.247,4.16,7.78,45.0,703.4,2.5,1980
2,32,128,64,8192,16,4,0.3866,0.3794,0.2495,0.2448,1.55,3.93,15.06,66.1,1032.3,3.5,1980
2,32,128,64,8192,32,4,0.6757,0.6684,0.3621,0.3578,1.866,3.82,28.12,84.4,1318.7,2.9,1980
2,32,128,64,16384,4,4,0.388,0.3842,0.3942,0.3924,0.984,4.57,3.98,21.8,340.0,1.4,1980
2,32,128,64,16384,8,4,0.5412,0.5325,0.4525,0.4506,1.196,4.14,7.89,37.6,587.6,1.5,1980
2,32,128,64,16384,16,4,0.832,0.8271,0.5718,0.5676,1.455,3.92,15.53,58.8,918.1,1.3,1980
2,32,128,64,16384,32,4,1.4089,1.4012,0.8039,0.7979,1.753,3.81,30.06,80.9,1264.3,1.5,1980
2,32,128,128,4096,4,4,0.1941,0.1928,0.104,0.1027,1.866,1.74,3.81,39.9,622.9,3.2,1980
2,32,128,128,4096,8,4,0.3437,0.3414,0.1418,0.1396,2.424,1.67,7.12,54.8,856.2,5.1,1980
2,32,128,128,4096,16,4,0.6478,0.6447,0.2129,0.2101,3.042,1.63,12.25,62.6,978.1,2.9,1980
2,32,128,128,4096,32,4,1.2252,1.2189,0.3174,0.3089,3.86,1.62,16.5,57.3,896.1,4.9,1980
2,32,128,128,8192,4,4,0.4722,0.467,0.2264,0.2239,2.086,1.72,3.91,37.5,585.5,2.4,1980
2,32,128,128,8192,8,4,0.775,0.7696,0.2987,0.2949,2.594,1.65,7.56,55.1,860.4,1.9,1980
2,32,128,128,8192,16,4,1.3907,1.3684,0.4373,0.4323,3.18,1.62,14.12,70.2,1096.3,6.4,1980
2,32,128,128,8192,32,4,2.5316,2.5095,0.6725,0.6626,3.764,1.6,24.25,78.6,1228.1,3.2,1980
2,32,128,128,16384,4,4,0.9298,0.9193,0.4836,0.482,1.923,1.7,3.95,35.2,550.4,1.1,1980
2,32,128,128,16384,8,4,1.5277,1.5163,0.6278,0.6229,2.433,1.64,7.78,53.6,838.3,1.7,1980
2,32,128,128,16384,16,4,2.7065,2.6875,0.9084,0.9025,2.979,1.61,15.06,71.7,1120.1,1.4,1980
2,32,128,128,16384,32,4,5.0436,5.0172,1.4144,1.4067,3.566,1.6,28.12,85.9,1341.8,1.2,1980
4,16,64,64,4096,4,8,0.0823,0.081,0.056,0.0553,1.471,7.06,3.91,37.9,592.6,10.6,1980
4,16,64,64,4096,8,8,0.1217,0.1209,0.0697,0.0686,1.746,6.13,7.56,59.2,925.1,7.4,1980
4,16,64,64,4096,16,8,0.2002,0.1989,0.0955,0.0949,2.096,5.73,14.12,79.9,1248.4,2.4,1980
4,16,64,64,4096,32,8,0.3515,0.3494,0.144,0.1429,2.44,5.58,24.25,91.1,1423.4,4.3,1980
4,16,64,64,8192,4,8,0.1531,0.1521,0.0995,0.099,1.539,7.04,3.95,42.9,670.1,2.5,1980
4,16,64,64,8192,8,8,0.2326,0.2314,0.1267,0.1255,1.836,6.17,7.78,66.6,1040.5,5.7,1980
4,16,64,64,8192,16,8,0.3878,0.386,0.1793,0.178,2.162,5.73,15.06,90.9,1419.6,1.4,1980
4,16,64,64,8192,32,8,0.6877,0.6858,0.2768,0.2748,2.485,5.53,28.12,109.9,1717.4,1.5,1980
4,16,64,64,16384,4,8,0.384,0.3803,0.2432,0.2423,1.579,6.11,3.98,35.2,550.7,1.6,1980
4,16,64,64,16384,8,8,0.5373,0.5349,0.2938,0.2923,1.829,5.79,7.89,58.0,905.7,2.4,1980
4,16,64,64,16384,16,8,0.8458,0.8412,0.3922,0.391,2.156,5.53,15.53,85.3,1332.9,1.2,1980
4,16,64,64,16384,32,8,1.4377,1.4319,0.5785,0.5762,2.485,5.43,30.06,112.0,1750.6,0.9,1980
4,16,64,128,4096,4,8,0.1825,0.1812,0.1223,0.1213,1.492,2.24,3.81,33.7,527.1,3.6,1980
4,16,64,128,4096,8,8,0.3233,0.3217,0.1752,0.1738,1.845,2.03,7.12,44.0,687.9,3.7,1980
4,16,64,128,4096,16,8,0.5982,0.5951,0.266,0.2632,2.248,1.93,12.25,50.0,780.9,2.1,1980
4,16,64,128,4096,32,8,0.9513,0.9416,0.3488,0.3443,2.727,1.9,16.5,51.5,804.0,3.8,1980
4,16,64,128,8192,4,8,0.3566,0.3544,0.233,0.2312,1.531,2.21,3.91,36.3,566.8,12.3,1980
4,16,64,128,8192,8,8,0.6348,0.6325,0.3397,0.3361,1.869,2.01,7.56,48.3,755.1,2.5,1980
4,16,64,128,8192,16,8,1.1794,1.1748,0.5294,0.5265,2.228,1.91,14.12,57.6,900.3,1.9,1980
4,16,64,128,8192,32,8,2.0452,2.0328,0.8146,0.8078,2.511,1.86,24.25,64.5,1007.2,2.0,1980
4,16,64,128,16384,4,8,0.827,0.823,0.5556,0.5544,1.489,2.19,3.95,30.6,478.5,0.6,1980
4,16,64,128,16384,8,8,1.3858,1.3786,0.7634,0.7608,1.815,2.0,7.78,43.9,686.4,1.1,1980
4,16,64,128,16384,16,8,2.4501,2.4379,1.1503,1.1438,2.13,1.9,15.06,56.6,883.7,1.1,1980
4,16,64,128,16384,32,8,4.3589,4.3432,1.8504,1.8413,2.356,1.85,28.12,65.6,1025.1,1.0,1980
4,16,128,64,4096,4,8,0.1423,0.1413,0.1484,0.1473,0.959,4.6,3.91,28.5,445.0,1.8,1980
4,16,128,64,4096,8,8,0.2174,0.2161,0.1791,0.1774,1.214,4.17,7.56,45.8,715.2,1.5,1980
4,16,128,64,4096,16,8,0.3638,0.3614,0.2358,0.2342,1.543,3.94,14.12,64.8,1011.8,1.6,1980
4,16,128,64,4096,32,8,0.6504,0.6452,0.3365,0.332,1.933,3.84,24.25,78.4,1225.3,3.4,1980
4,16,128,64,8192,4,8,0.3686,0.3657,0.3957,0.3943,0.931,4.57,3.95,21.5,336.4,1.4,1980
4,16,128,64,8192,8,8,0.5139,0.5104,0.4539,0.4514,1.132,4.14,7.78,37.0,578.5,1.3,1980
4,16,128,64,8192,16,8,0.8045,0.7995,0.5727,0.5684,1.405,3.92,15.06,56.9,889.3,1.3,1980
4,16,128,64,8192,32,8,1.3623,1.3519,0.7793,0.7765,1.748,3.81,28.12,77.8,1215.3,1.9,1980
4,16,128,64,16384,4,8,0.7049,0.7026,0.7796,0.777,0.904,4.56,3.98,22.0,343.5,0.7,1980
4,16,128,64,16384,8,8,0.9949,0.9914,0.8954,0.8932,1.111,4.13,7.89,37.9,592.8,0.8,1980
4,16,128,64,16384,16,8,1.5738,1.5666,1.1228,1.118,1.402,3.92,15.53,59.7,932.3,0.8,1980
4,16,128,64,16384,32,8,2.6861,2.6714,1.5481,1.543,1.735,3.81,30.06,83.7,1307.5,0.9,1980
4,16,128,128,4096,4,8,0.4275,0.4219,0.2128,0.2104,2.009,1.72,3.81,38.9,607.9,2.8,1980
4,16,128,128,4096,8,8,0.7248,0.7161,0.2819,0.2787,2.571,1.65,7.12,54.9,857.8,3.1,1980
4,16,128,128,4096,16,8,1.3036,1.2849,0.4042,0.3967,3.225,1.62,12.25,66.3,1036.1,3.5,1980
4,16,128,128,4096,32,8,2.0124,1.9877,0.5182,0.509,3.883,1.61,16.5,69.6,1087.8,4.1,1980
4,16,128,128,8192,4,8,0.8796,0.8735,0.4862,0.4839,1.809,1.7,3.91,34.7,541.8,1.1,1980
4,16,128,128,8192,8,8,1.4673,1.4582,0.6299,0.625,2.329,1.64,7.56,52.0,812.0,1.4,1980
4,16,128,128,8192,16,8,2.6208,2.6058,0.8877,0.8781,2.952,1.61,14.12,69.1,1079.5,1.8,1980
4,16,128,128,8192,32,8,4.4448,4.425,1.275,1.2653,3.486,1.6,24.25,82.3,1286.2,2.1,1980
4,16,128,128,16384,4,8,1.7143,1.7069,0.96,0.9573,1.786,1.68,3.95,35.5,554.2,1.1,1980
4,16,128,128,16384,8,8,2.8888,2.8775,1.2401,1.2373,2.33,1.63,7.78,54.0,844.1,0.6,1980
4,16,128,128,16384,16,8,5.1736,5.1572,1.7629,1.7558,2.935,1.61,15.06,73.7,1151.4,0.8,1980
4,16,128,128,16384,32,8,9.289,9.2427,2.7012,2.6912,3.439,1.59,28.12,89.8,1402.7,0.9,1980
8,8,64,64,4096,4,16,0.1531,0.1522,0.0998,0.0992,1.534,7.01,3.91,42.3,660.9,3.0,1980
8,8,64,64,4096,8,16,0.2312,0.2303,0.127,0.1258,1.82,6.21,7.56,64.6,1008.6,5.0,1980
8,8,64,64,4096,16,16,0.3817,0.3801,0.1742,0.1728,2.191,5.76,14.12,87.8,1371.1,3.8,1980
8,8,64,64,4096,32,16,0.6261,0.6194,0.2587,0.2535,2.42,5.56,24.25,102.7,1604.7,2.6,1980
8,8,64,64,8192,4,16,0.3658,0.364,0.2412,0.2404,1.517,6.46,3.95,35.3,551.7,2.5,1980
8,8,64,64,8192,8,16,0.5232,0.5205,0.2909,0.2895,1.798,5.97,7.78,57.7,901.8,1.7,1980
8,8,64,64,8192,16,16,0.822,0.8177,0.3819,0.3793,2.153,5.67,15.06,85.3,1332.6,1.1,1980
8,8,64,64,8192,32,16,1.3567,1.3494,0.5578,0.5562,2.432,5.48,28.12,108.6,1696.8,0.9,1980
8,8,64,64,16384,4,16,0.7195,0.7159,0.4711,0.4691,1.527,6.51,3.98,36.4,568.9,1.1,1980
8,8,64,64,16384,8,16,1.0295,1.0252,0.57,0.5676,1.806,5.99,7.89,59.7,933.0,0.9,1980
8,8,64,64,16384,16,16,1.6215,1.6164,0.7492,0.7463,2.164,5.64,15.53,89.4,1396.7,1.0,1980
8,8,64,64,16384,32,16,2.7446,2.7362,1.105,1.1015,2.484,5.48,30.06,117.2,1831.5,0.6,1980
8,8,64,128,4096,4,16,0.3535,0.3519,0.2319,0.2287,1.524,2.24,3.81,35.8,559.4,2.0,1980
8,8,64,128,4096,8,16,0.6252,0.6203,0.3293,0.3254,1.898,2.03,7.12,47.0,734.6,2.6,1980
8,8,64,128,4096,16,16,1.07,1.061,0.4787,0.4747,2.235,1.93,12.25,55.4,865.9,1.7,1980
8,8,64,128,4096,32,16,1.4761,1.4587,0.6153,0.61,2.399,1.89,16.5,58.1,907.6,2.4,1980
8,8,64,128,8192,4,16,0.8036,0.8,0.553,0.5512,1.453,2.22,3.91,30.4,475.6,1.0,1980
8,8,64,128,8192,8,16,1.3403,1.3339,0.7504,0.7465,1.786,2.01,7.56,43.5,679.8,1.0,1980
8,8,64,128,8192,16,16,2.2919,2.2826,1.1039,1.0989,2.076,1.91,14.12,55.2,862.6,1.2,1980
8,8,64,128,8192,32,16,3.7705,3.7575,1.6603,1.6524,2.271,1.86,24.25,63.0,984.9,1.3,1980
8,8,64,128,16384,4,16,1.5705,1.5646,1.0925,1.0861,1.438,2.22,3.95,31.3,488.5,0.9,1980
8,8,64,128,16384,8,16,2.6373,2.6318,1.4973,1.4899,1.761,2.01,7.78,44.9,701.0,0.9,1980
8,8,64,128,16384,16,16,4.6577,4.6408,2.2525,2.241,2.068,1.9,15.06,57.7,902.1,0.9,1980
8,8,64,128,16384,32,16,8.3064,8.2875,3.6431,3.633,2.28,1.85,28.12,66.5,1039.1,2.6,1980
8,8,128,64,4096,4,16,0.3585,0.3542,0.3937,0.3919,0.911,4.58,3.91,21.4,334.4,1.2,1980
8,8,128,64,4096,8,16,0.5042,0.499,0.4515,0.4496,1.117,4.15,7.56,36.1,564.4,1.1,1980
8,8,128,64,4096,16,16,0.7853,0.7815,0.5566,0.5531,1.411,3.94,14.12,54.8,856.9,1.6,1980
8,8,128,64,4096,32,16,1.2478,1.2405,0.724,0.7192,1.724,3.83,24.25,72.4,1131.4,2.0,1980
8,8,128,64,8192,4,16,0.6958,0.6903,0.7763,0.7738,0.896,4.56,3.95,21.9,342.9,0.7,1980
8,8,128,64,8192,8,16,0.9842,0.9797,0.8903,0.8872,1.106,4.13,7.78,37.7,588.6,0.7,1980
8,8,128,64,8192,16,16,1.5444,1.5383,1.1048,1.1005,1.398,3.92,15.06,58.8,918.5,0.7,1980
8,8,128,64,8192,32,16,2.539,2.5233,1.4892,1.4829,1.705,3.81,28.12,81.5,1272.8,1.0,1980
8,8,128,64,16384,4,16,1.3481,1.3449,1.5343,1.5304,0.879,4.54,3.98,22.3,348.7,0.4,1980
8,8,128,64,16384,8,16,1.9279,1.9211,1.7656,1.7603,1.092,4.13,7.89,38.5,601.6,0.5,1980
8,8,128,64,16384,16,16,3.0469,3.0372,2.2074,2.1907,1.38,3.91,15.53,60.9,951.6,0.9,1980
8,8,128,64,16384,32,16,5.1269,5.1158,3.0272,3.0201,1.694,3.81,30.06,85.5,1336.0,0.7,1980
8,8,128,128,4096,4,16,0.858,0.8523,0.4857,0.4828,1.766,1.68,3.81,33.9,530.0,1.4,1980
8,8,128,128,4096,8,16,1.4254,1.4153,0.615,0.6113,2.318,1.64,7.12,50.1,782.2,1.9,1980
8,8,128,128,4096,16,16,2.3722,2.3538,0.8232,0.8166,2.882,1.61,12.25,64.4,1006.7,2.1,1980
8,8,128,128,4096,32,16,3.2322,3.1884,1.0061,0.9992,3.213,1.6,16.5,70.9,1108.2,2.2,1980
8,8,128,128,8192,4,16,1.6876,1.6828,0.9546,0.9527,1.768,1.69,3.91,35.2,550.3,0.6,1980
8,8,128,128,8192,8,16,2.8204,2.8069,1.2215,1.2177,2.309,1.63,7.56,53.3,833.5,0.6,1980
8,8,128,128,8192,16,16,4.8852,4.8514,1.6952,1.6856,2.882,1.61,14.12,72.0,1124.7,1.1,1980
8,8,128,128,8192,32,16,8.0734,8.0314,2.4361,2.4247,3.314,1.59,24.25,85.9,1342.3,0.9,1980
8,8,128,128,16384,4,16,3.2489,3.2395,1.8972,1.8906,1.712,1.67,3.95,35.9,561.3,0.8,1980
8,8,128,128,16384,8,16,5.5506,5.5372,2.4432,2.4316,2.272,1.63,7.78,55.0,859.0,0.8,1980
8,8,128,128,16384,16,16,9.9134,9.8717,3.4577,3.4462,2.867,1.6,15.06,75.1,1173.3,0.6,1980
8,8,128,128,16384,32,16,17.785,17.75,5.3062,5.2968,3.352,1.59,28.12,91.2,1425.3,0.4,1980
16,4,64,64,4096,4,32,0.3571,0.3554,0.24,0.239,1.488,6.08,3.91,35.1,548.4,1.6,1980
16,4,64,64,4096,8,32,0.5094,0.507,0.2889,0.2877,1.763,5.81,7.56,56.4,881.9,0.9,1980
16,4,64,64,4096,16,32,0.7807,0.7763,0.3711,0.3692,2.104,5.59,14.12,82.2,1283.7,1.6,1980
16,4,64,64,4096,32,32,1.1937,1.1866,0.5118,0.5088,2.332,5.48,24.25,102.3,1599.1,6.2,1980
16,4,64,64,8192,4,32,0.6996,0.6961,0.4672,0.466,1.498,6.56,3.95,36.4,569.3,0.8,1980
16,4,64,64,8192,8,32,1.0012,0.9983,0.5656,0.5631,1.77,6.01,7.78,59.4,927.4,1.1,1980
16,4,64,64,8192,16,32,1.5671,1.5633,0.7376,0.7345,2.125,5.66,15.06,88.1,1376.2,1.0,1980
16,4,64,64,8192,32,32,2.5812,2.5746,1.058,1.0551,2.44,5.5,28.12,114.5,1788.8,0.6,1980
16,4,64,64,16384,4,32,1.3947,1.3918,0.9214,0.9182,1.514,6.49,3.98,37.2,581.3,0.8,1980
16,4,64,64,16384,8,32,1.9975,1.9944,1.1159,1.1119,1.79,5.97,7.89,61.0,952.4,0.7,1980
16,4,64,64,16384,16,32,3.1629,3.1589,1.4657,1.4605,2.158,5.65,15.53,91.3,1427.3,0.7,1980
16,4,64,64,16384,32,32,5.3715,5.364,2.1632,2.1603,2.483,5.49,30.06,119.5,1867.8,0.3,1980
16,4,64,128,4096,4,32,0.7788,0.7731,0.5491,0.5471,1.418,2.19,3.81,29.9,467.7,0.7,1980
16,4,64,128,4096,8,32,1.2567,1.2509,0.7298,0.7259,1.722,2.01,7.12,42.2,658.7,1.0,1980
16,4,64,128,4096,16,32,2.0023,1.9938,1.0136,1.008,1.976,1.92,12.25,52.2,815.6,1.1,1980
16,4,64,128,4096,32,32,2.7238,2.7082,1.2604,1.2536,2.161,1.89,16.5,56.5,883.3,1.2,1980
16,4,64,128,8192,4,32,1.5217,1.5169,1.0848,1.0805,1.403,2.22,3.91,31.1,485.2,0.8,1980
16,4,64,128,8192,8,32,2.528,2.5223,1.4772,1.4699,1.711,2.02,7.56,44.2,690.5,0.8,1980
16,4,64,128,8192,16,32,4.3446,4.3351,2.1692,2.1632,2.003,1.91,14.12,56.1,876.4,0.7,1980
16,4,64,128,8192,32,32,7.2128,7.183,3.2507,3.2438,2.219,1.86,24.25,64.2,1003.4,0.6,1980
16,4,64,128,16384,4,32,3.0346,3.0299,2.1626,2.1524,1.403,2.22,3.95,31.6,493.0,0.9,1980
16,4,64,128,16384,8,32,5.12,5.1058,2.9708,2.9598,1.723,2.01,7.78,45.2,705.7,0.6,1980
16,4,64,128,16384,16,32,9.086,9.0702,4.4823,4.4736,2.027,1.9,15.06,57.8,903.8,1.6,1980
16,4,64,128,16384,32,32,16.2526,16.2323,7.2238,7.2098,2.25,1.85,28.12,67.0,1047.1,0.4,1980
16,4,128,64,4096,4,32,0.6724,0.669,0.7726,0.7708,0.87,4.55,3.91,21.8,340.1,0.5,1980
16,4,128,64,4096,8,32,0.9636,0.9595,0.8835,0.8812,1.091,4.14,7.56,36.9,575.9,0.9,1980
16,4,128,64,4096,16,32,1.4744,1.4676,1.0803,1.0742,1.365,3.93,14.12,56.5,882.4,1.0,1980
16,4,128,64,4096,32,32,2.2375,2.2264,1.3881,1.3821,1.612,3.83,24.25,75.4,1177.5,1.5,1980
16,4,128,64,8192,4,32,1.3314,1.3267,1.527,1.522,0.872,4.54,3.95,22.3,348.6,0.7,1980
16,4,128,64,8192,8,32,1.9055,1.9015,1.754,1.7496,1.086,4.12,7.78,38.2,596.9,0.6,1980
16,4,128,64,8192,16,32,2.9667,2.9593,2.1775,2.1652,1.362,3.92,15.06,59.8,933.7,1.0,1980
16,4,128,64,8192,32,32,4.8439,4.8345,2.9229,2.9117,1.657,3.81,28.12,83.0,1296.4,0.7,1980
16,4,128,64,16384,4,32,2.6449,2.6388,3.0299,3.018,0.873,4.53,3.98,22.6,353.7,2.1,1980
16,4,128,64,16384,8,32,3.79,3.7839,3.4796,3.4683,1.089,4.12,7.89,39.1,610.7,0.6,1980
16,4,128,64,16384,16,32,5.955,5.9422,4.356,4.344,1.367,3.91,15.53,61.4,959.7,0.7,1980
16,4,128,64,16384,32,32,10.0447,10.0274,6.0207,6.0094,1.668,3.81,30.06,85.9,1342.9,0.5,1980
16,4,128,128,4096,4,32,1.6197,1.6091,0.9514,0.949,1.702,1.68,3.81,34.5,539.2,1.1,1980
16,4,128,128,4096,8,32,2.6667,2.6544,1.1959,1.19,2.23,1.63,7.12,51.4,803.6,1.1,1980
16,4,128,128,4096,16,32,4.2725,4.2482,1.5772,1.5685,2.709,1.61,12.25,67.1,1048.2,1.0,1980
16,4,128,128,4096,32,32,5.8152,5.7944,1.9089,1.9015,3.046,1.6,16.5,74.5,1164.7,0.8,1980
16,4,128,128,8192,4,32,3.1949,3.1875,1.8824,1.8767,1.697,1.68,3.91,35.8,558.7,0.7,1980
16,4,128,128,8192,8,32,5.3733,5.3557,2.4108,2.3969,2.229,1.63,7.56,54.2,847.0,1.0,1980
16,4,128,128,8192,16,32,9.3328,9.3006,3.3327,3.3229,2.8,1.61,14.12,73.0,1141.1,0.5,1980
16,4,128,128,8192,32,32,15.5373,15.476,4.7772,4.7659,3.252,1.59,24.25,87.4,1365.9,0.6,1980
16,4,128,128,16384,4,32,6.3347,6.316,3.7746,3.7582,1.678,1.67,3.95,36.1,564.7,0.8,1980
16,4,128,128,16384,8,32,10.8275,10.801,4.8438,4.8309,2.235,1.62,7.78,55.3,864.8,0.7,1980
16,4,128,128,16384,16,32,19.4444,19.397,6.8761,6.8645,2.828,1.6,15.06,75.4,1178.0,0.5,1980
16,4,128,128,16384,32,32,34.9825,34.897,10.5151,10.4989,3.327,1.59,28.12,92.0,1438.2,0.4,1980
